node_id,runtime,unlimited_stream,op_count,region_size,thread_count,node_count,qp_max,p_local,min_key,max_key,localb,remoteb,count,runtime_ns,units,mean,stdev,min,p50,p90,p95,p99,p999,max
9,10,0,10000000,22,1,10,1,50,1,1000,5,5,1632972,540669149,ns,5485.617612,1863.925815,3445.000000,7013.000000,7166.000000,7196.000000,0.000000,9517.000000,9673.000000
