node_id,runtime,unlimited_stream,op_count,region_size,thread_count,node_count,qp_max,p_local,min_key,max_key,localb,remoteb,count,runtime_ns,units,mean,stdev,min,p50,p90,p95,p99,p999,max
9,10,0,10000000,22,1,10,1,50,1,1000,5,5,1632972,540669149,ops/s,178847.839340,12696.135022,121704.991638,181616.010178,183604.975122,184233.582395,0.000000,184993.672726,186070.282805
