node_id,runtime,unlimited_stream,op_count,region_size,thread_count,node_count,qp_max,p_local,min_key,max_key,localb,remoteb,count,runtime_ns,units,mean,stdev,min,p50,p90,p95,p99,p999,max
2,10,0,10000000,22,1,10,1,50,1,1000,5,5,1621641,540663573,ops/s,177607.275383,12839.187384,119974.349811,180470.512407,182495.337743,182943.921965,0.000000,183743.487915,184396.127209
