node_id,runtime,unlimited_stream,op_count,region_size,thread_count,node_count,qp_max,p_local,min_key,max_key,localb,remoteb,count,runtime_ns,units,mean,stdev,min,p50,p90,p95,p99,p999,max
7,10,0,10000000,22,1,10,1,50,1,1000,5,5,817196,540635497,ops/s,89503.404846,1012.743447,83539.468408,89573.645782,90681.195507,90996.185962,0.000000,91483.519625,92204.365895
