node_id,runtime,unlimited_stream,op_count,region_size,thread_count,node_count,qp_max,p_local,min_key,max_key,localb,remoteb,count,runtime_ns,units,mean,stdev,min,p50,p90,p95,p99,p999,max
9,10,0,10000000,22,1,10,1,50,1,1000,5,5,1646991,540685231,ns,5301.316043,1845.830590,3429.000000,3683.000000,7138.000000,7179.000000,0.000000,9398.000000,9676.000000
