node_id,runtime,unlimited_stream,op_count,region_size,thread_count,node_count,qp_max,p_local,min_key,max_key,localb,remoteb,count,runtime_ns,units,mean,stdev,min,p50,p90,p95,p99,p999,max
9,10,0,10000000,22,1,10,1,50,1,1000,5,5,1646991,540685231,ops/s,180382.326819,12658.220206,123254.839000,183337.209640,185067.917291,185381.543555,0.000000,186068.086208,186994.483708
