node_id,runtime,unlimited_stream,op_count,region_size,thread_count,node_count,qp_max,p_local,min_key,max_key,localb,remoteb,count,runtime_ns,units,mean,stdev,min,p50,p90,p95,p99,p999,max
3,10,0,10000000,22,2,10,2,50,1,1000,5,5,1961689,540796714,ops/s,214847.192636,19974.986908,126550.585101,219482.446582,220568.623732,220875.595544,0.000000,221391.828743,221785.110390
3,10,0,10000000,22,2,10,2,50,1,1000,5,5,1956178,540775046,ops/s,214246.104013,19953.912276,126433.610102,218903.487905,220093.531121,220438.129638,0.000000,220958.047941,221741.313368
