node_id,runtime,unlimited_stream,op_count,region_size,thread_count,node_count,qp_max,p_local,min_key,max_key,localb,remoteb,count,runtime_ns,units,mean,stdev,min,p50,p90,p95,p99,p999,max
7,10,0,10000000,22,1,10,1,50,1,1000,5,5,1158468,540624229,ns,7692.432367,4150.324238,3465.000000,4167.000000,11880.000000,11914.000000,0.000000,12030.000000,17908.000000
