node_id,runtime,unlimited_stream,op_count,region_size,thread_count,node_count,qp_max,p_local,min_key,max_key,localb,remoteb,count,runtime_ns,units,mean,stdev,min,p50,p90,p95,p99,p999,max
7,10,0,10000000,22,1,10,1,50,1,1000,5,5,1158468,540624229,ops/s,126878.076184,2043.980618,113514.597968,126944.876321,129294.126705,129974.895707,0.000000,131249.938122,134255.846801
