node_id,runtime,unlimited_stream,op_count,region_size,thread_count,node_count,qp_max,p_local,min_key,max_key,localb,remoteb,count,runtime_ns,units,mean,stdev,min,p50,p90,p95,p99,p999,max
0,10,0,10000000,22,1,10,1,50,1,1000,5,5,1047531,540657003,ns,8604.759662,4252.235594,4129.000000,8300.000000,12621.000000,12676.000000,0.000000,15851.000000,21220.000000
