node_id,runtime,unlimited_stream,op_count,region_size,thread_count,node_count,qp_max,p_local,min_key,max_key,localb,remoteb,count,runtime_ns,units,mean,stdev,min,p50,p90,p95,p99,p999,max
1,10,0,10000000,22,1,10,1,50,1,1000,5,5,809348,540622419,ns,10990.250000,2909.779252,4240.000000,12678.000000,12872.000000,12973.000000,0.000000,13164.000000,19139.000000
