node_id,runtime,unlimited_stream,op_count,region_size,thread_count,node_count,qp_max,p_local,min_key,max_key,localb,remoteb,count,runtime_ns,units,mean,stdev,min,p50,p90,p95,p99,p999,max
1,10,0,10000000,22,1,10,1,50,1,1000,5,5,809348,540622419,ops/s,88641.357815,1049.918774,81297.622439,88730.709916,89788.246664,90010.487311,0.000000,90566.541816,91416.938951
