node_id,runtime,unlimited_stream,op_count,region_size,thread_count,node_count,qp_max,p_local,min_key,max_key,localb,remoteb,count,runtime_ns,units,mean,stdev,min,p50,p90,p95,p99,p999,max
4,10,0,10000000,22,1,10,1,50,1,1000,5,5,1153913,540587276,ops/s,126378.021082,6966.363020,94609.215863,127823.669837,130263.304228,131073.884796,0.000000,132446.841851,133535.467238
