node_id,runtime,unlimited_stream,op_count,region_size,thread_count,node_count,qp_max,p_local,min_key,max_key,localb,remoteb,count,runtime_ns,units,mean,stdev,min,p50,p90,p95,p99,p999,max
5,10,0,10000000,22,2,10,2,50,1,1000,5,5,2326797,540764721,ops/s,254836.123322,22439.118006,156540.292463,260134.713983,261228.867461,261693.716980,0.000000,262156.675584,262609.121084
5,10,0,10000000,22,2,10,2,50,1,1000,5,5,2326817,540751642,ops/s,254836.775935,22405.772584,156769.676841,260109.131402,261182.707979,261642.881170,0.000000,262014.143133,262567.024524
