node_id,runtime,unlimited_stream,op_count,region_size,thread_count,node_count,qp_max,p_local,min_key,max_key,localb,remoteb,count,runtime_ns,units,mean,stdev,min,p50,p90,p95,p99,p999,max
7,10,0,10000000,22,1,10,1,50,1,1000,5,5,1145585,540629068,ns,7752.282609,4158.712671,3480.000000,6026.000000,11897.000000,11937.000000,0.000000,14240.000000,14623.000000
