node_id,runtime,unlimited_stream,op_count,region_size,thread_count,node_count,qp_max,p_local,min_key,max_key,localb,remoteb,count,runtime_ns,units,mean,stdev,min,p50,p90,p95,p99,p999,max
7,10,0,10000000,22,1,10,1,50,1,1000,5,5,1145585,540629068,ops/s,125462.091345,7130.149005,92807.963977,126882.821264,129344.825766,130156.698492,0.000000,131369.692576,133097.579514
