node_id,runtime,unlimited_stream,op_count,region_size,thread_count,node_count,qp_max,p_local,min_key,max_key,localb,remoteb,count,runtime_ns,units,mean,stdev,min,p50,p90,p95,p99,p999,max
9,10,0,10000000,22,1,10,1,50,1,1000,5,5,1464228,540671578,ops/s,160365.405306,1826.248349,143362.549998,160593.221186,162122.955139,162562.995431,0.000000,163638.908195,164282.766402
