node_id,runtime,unlimited_stream,op_count,region_size,thread_count,node_count,qp_max,p_local,min_key,max_key,localb,remoteb,count,runtime_ns,units,mean,stdev,min,p50,p90,p95,p99,p999,max
2,10,0,10000000,22,2,10,2,50,1,1000,5,5,1936994,540700741,ops/s,212145.028030,19862.157579,124925.337591,216703.419664,218192.018423,218603.433754,0.000000,219246.819059,219892.665858
2,10,0,10000000,22,2,10,2,50,1,1000,5,5,1936992,540690522,ops/s,212146.050172,19916.622375,124613.102637,216687.675502,218289.439260,218706.330259,0.000000,219239.013573,220218.952512
