node_id,runtime,unlimited_stream,op_count,region_size,thread_count,node_count,qp_max,p_local,min_key,max_key,localb,remoteb,count,runtime_ns,units,mean,stdev,min,p50,p90,p95,p99,p999,max
6,10,0,10000000,22,1,10,1,50,1,1000,5,5,994988,540620670,ns,8929.793478,2671.786210,4127.000000,7866.000000,12627.000000,12734.000000,0.000000,12952.000000,16436.000000
