node_id,runtime,unlimited_stream,op_count,region_size,thread_count,node_count,qp_max,p_local,min_key,max_key,localb,remoteb,count,runtime_ns,units,mean,stdev,min,p50,p90,p95,p99,p999,max
8,10,0,10000000,22,1,10,1,50,1,1000,5,5,1472840,540674920,ops/s,161308.896331,1608.298028,133700.639458,161353.693016,162747.438317,163088.210029,0.000000,163982.504901,164800.965380
