node_id,runtime,unlimited_stream,op_count,region_size,thread_count,node_count,qp_max,p_local,min_key,max_key,localb,remoteb,count,runtime_ns,units,mean,stdev,min,p50,p90,p95,p99,p999,max
0,10,0,10000000,22,2,10,2,50,1,1000,5,5,2019917,540697841,ops/s,221227.819506,11662.988605,129498.143421,222801.625535,224588.101517,224958.168860,0.000000,225579.251724,226279.836850
0,10,0,10000000,22,2,10,2,50,1,1000,5,5,2020819,540701340,ops/s,221325.594719,11685.455874,128888.097810,222992.396277,224382.199799,224718.488773,0.000000,225392.945482,226006.293476
