node_id,runtime,unlimited_stream,op_count,region_size,thread_count,node_count,qp_max,p_local,min_key,max_key,localb,remoteb,count,runtime_ns,units,mean,stdev,min,p50,p90,p95,p99,p999,max
5,10,0,10000000,22,2,10,2,50,1,1000,5,5,802839,540700988,ops/s,87929.543620,4584.433332,67053.365236,88938.533128,89879.088114,90243.145357,0.000000,90921.175787,91613.774829
5,10,0,10000000,22,2,10,2,50,1,1000,5,5,801966,540706752,ops/s,87833.667829,4577.282390,66963.025627,88829.882699,89867.461833,90162.900663,0.000000,90682.364368,91377.859245
