node_id,runtime,unlimited_stream,op_count,region_size,thread_count,node_count,qp_max,p_local,min_key,max_key,localb,remoteb,count,runtime_ns,units,mean,stdev,min,p50,p90,p95,p99,p999,max
7,10,0,10000000,22,1,10,1,50,1,1000,5,5,1044816,540632260,ops/s,114430.652332,7439.445993,80833.314357,116075.536042,118127.724559,118790.712363,0.000000,119747.887153,120962.743566
