node_id,runtime,unlimited_stream,op_count,region_size,thread_count,node_count,qp_max,p_local,min_key,max_key,localb,remoteb,count,runtime_ns,units,mean,stdev,min,p50,p90,p95,p99,p999,max
4,10,0,10000000,22,1,10,1,50,1,1000,5,5,1045560,540582861,ops/s,114514.133192,7328.640133,81635.451991,116126.463897,118132.922329,118733.376306,0.000000,119892.867872,120567.860095
