node_id,runtime,unlimited_stream,op_count,region_size,thread_count,node_count,qp_max,p_local,min_key,max_key,localb,remoteb,count,runtime_ns,units,mean,stdev,min,p50,p90,p95,p99,p999,max
6,10,0,10000000,22,2,10,2,50,1,1000,5,5,2245570,540739093,ops/s,245941.017686,22125.327503,149112.025177,251177.605096,252052.525021,252170.931922,0.000000,252386.405222,252609.778751
6,10,0,10000000,22,2,10,2,50,1,1000,5,5,2245580,540723038,ops/s,245940.720578,22120.348257,148345.646446,251229.147231,252008.596636,252153.935981,0.000000,252454.825666,252647.782373
