node_id,runtime,unlimited_stream,op_count,region_size,thread_count,node_count,qp_max,p_local,min_key,max_key,localb,remoteb,count,runtime_ns,units,mean,stdev,min,p50,p90,p95,p99,p999,max
5,10,0,10000000,22,1,10,1,50,1,1000,5,5,1155400,540672699,ops/s,126541.472720,6912.069559,94658.157900,128044.426512,130256.376159,131008.529627,0.000000,131811.026351,133411.294141
