node_id,runtime,unlimited_stream,op_count,region_size,thread_count,node_count,qp_max,p_local,min_key,max_key,localb,remoteb,count,runtime_ns,units,mean,stdev,min,p50,p90,p95,p99,p999,max
3,10,0,10000000,22,1,10,1,50,1,1000,5,5,990697,540697281,ops/s,108505.198948,1178.996490,96875.871078,108551.025335,109800.930912,110249.548127,0.000000,110883.270157,111821.289249
