node_id,runtime,unlimited_stream,op_count,region_size,thread_count,node_count,qp_max,p_local,min_key,max_key,localb,remoteb,count,runtime_ns,units,mean,stdev,min,p50,p90,p95,p99,p999,max
5,10,0,10000000,22,1,10,1,50,1,1000,5,5,1064787,540676643,ops/s,116617.244334,1781.814960,102780.176537,116697.423001,118786.686628,119350.146626,0.000000,120255.435251,121423.849822
