node_id,runtime,unlimited_stream,op_count,region_size,thread_count,node_count,qp_max,p_local,min_key,max_key,localb,remoteb,count,runtime_ns,units,mean,stdev,min,p50,p90,p95,p99,p999,max
9,10,0,10000000,22,1,10,1,50,1,1000,5,5,974823,540684005,ops/s,106763.704195,6534.720807,77336.923025,108227.132433,109423.735561,109866.561572,0.000000,110507.371396,111920.565989
