node_id,runtime,unlimited_stream,op_count,region_size,thread_count,node_count,qp_max,p_local,min_key,max_key,localb,remoteb,count,runtime_ns,units,mean,stdev,min,p50,p90,p95,p99,p999,max
3,10,0,10000000,22,1,10,1,50,1,1000,5,5,1440619,540696444,ns,6245.664656,1952.655242,4127.000000,7684.000000,7867.000000,7954.000000,0.000000,11050.000000,15823.000000
