node_id,runtime,unlimited_stream,op_count,region_size,thread_count,node_count,qp_max,p_local,min_key,max_key,localb,remoteb,count,runtime_ns,units,mean,stdev,min,p50,p90,p95,p99,p999,max
3,10,0,10000000,22,1,10,1,50,1,1000,5,5,1440619,540696444,ops/s,157781.243484,12497.666682,101926.631160,160628.559176,162104.507005,162494.889677,0.000000,163077.804193,165136.849670
