node_id,runtime,unlimited_stream,op_count,region_size,thread_count,node_count,qp_max,p_local,min_key,max_key,localb,remoteb,count,runtime_ns,units,mean,stdev,min,p50,p90,p95,p99,p999,max
0,10,0,10000000,22,1,10,1,50,1,1000,5,5,979608,540660727,ops/s,107291.512933,1109.632155,95591.924423,107349.804647,108612.291806,108906.520451,0.000000,109692.627467,110231.318697
