node_id,runtime,unlimited_stream,op_count,region_size,thread_count,node_count,qp_max,p_local,min_key,max_key,localb,remoteb,count,runtime_ns,units,mean,stdev,min,p50,p90,p95,p99,p999,max
5,10,0,10000000,22,1,10,1,50,1,1000,5,5,815815,540694381,ns,10986.592995,2970.678868,4126.000000,12527.000000,12698.000000,12947.000000,0.000000,15742.000000,19035.000000
