node_id,runtime,unlimited_stream,op_count,region_size,thread_count,node_count,qp_max,p_local,min_key,max_key,localb,remoteb,count,runtime_ns,units,mean,stdev,min,p50,p90,p95,p99,p999,max
5,10,0,10000000,22,1,10,1,50,1,1000,5,5,815815,540694381,ops/s,89349.076810,4633.509048,68070.748984,90325.535955,91437.263152,91772.046579,0.000000,92303.620644,92976.011554
