node_id,runtime,unlimited_stream,op_count,region_size,thread_count,node_count,qp_max,p_local,min_key,max_key,localb,remoteb,count,runtime_ns,units,mean,stdev,min,p50,p90,p95,p99,p999,max
4,10,0,10000000,22,1,10,1,50,1,1000,5,5,1154106,540591080,ns,7848.407005,4157.699811,3413.000000,11685.000000,11863.000000,11903.000000,0.000000,14070.000000,14463.000000
