node_id,runtime,unlimited_stream,op_count,region_size,thread_count,node_count,qp_max,p_local,min_key,max_key,localb,remoteb,count,runtime_ns,units,mean,stdev,min,p50,p90,p95,p99,p999,max
4,10,0,10000000,22,1,10,1,50,1,1000,5,5,1154106,540591080,ops/s,126398.946033,6901.179513,94430.736416,127801.322911,130280.798245,131069.795483,0.000000,132075.718329,133076.735952
