node_id,runtime,unlimited_stream,op_count,region_size,thread_count,node_count,qp_max,p_local,min_key,max_key,localb,remoteb,count,runtime_ns,units,mean,stdev,min,p50,p90,p95,p99,p999,max
2,10,0,10000000,22,1,10,1,50,1,1000,5,5,1683578,540665543,ns,5296.876960,1763.408257,3417.000000,6898.000000,7081.000000,7140.000000,0.000000,7355.000000,7461.000000
