node_id,runtime,unlimited_stream,op_count,region_size,thread_count,node_count,qp_max,p_local,min_key,max_key,localb,remoteb,count,runtime_ns,units,mean,stdev,min,p50,p90,p95,p99,p999,max
2,10,0,10000000,22,1,10,1,50,1,1000,5,5,1683578,540665543,ops/s,184388.853378,3082.312851,166330.948106,184830.392910,186858.004903,187280.136571,0.000000,188237.302495,188859.093947
