node_id,runtime,unlimited_stream,op_count,region_size,thread_count,node_count,qp_max,p_local,min_key,max_key,localb,remoteb,count,runtime_ns,units,mean,stdev,min,p50,p90,p95,p99,p999,max
6,10,0,10000000,22,1,10,1,50,1,1000,5,5,1168758,540644951,ops/s,128003.615853,1972.842724,114326.405153,128046.829384,130457.395803,131251.642347,0.000000,132167.665994,133419.377192
