node_id,runtime,unlimited_stream,op_count,region_size,thread_count,node_count,qp_max,p_local,min_key,max_key,localb,remoteb,count,runtime_ns,units,mean,stdev,min,p50,p90,p95,p99,p999,max
3,10,0,10000000,22,1,10,1,50,1,1000,5,5,1656923,540695981,ns,5303.669481,1773.177967,3487.000000,3830.000000,7186.000000,7224.000000,0.000000,7413.000000,10744.000000
