node_id,runtime,unlimited_stream,op_count,region_size,thread_count,node_count,qp_max,p_local,min_key,max_key,localb,remoteb,count,runtime_ns,units,mean,stdev,min,p50,p90,p95,p99,p999,max
3,10,0,10000000,22,1,10,1,50,1,1000,5,5,1656923,540695981,ops/s,181470.933377,2549.579657,163962.510871,181853.771773,183758.492472,184201.572471,0.000000,184965.855358,185594.404006
