node_id,runtime,unlimited_stream,op_count,region_size,thread_count,node_count,qp_max,p_local,min_key,max_key,localb,remoteb,count,runtime_ns,units,mean,stdev,min,p50,p90,p95,p99,p999,max
8,10,0,10000000,22,1,10,1,50,1,1000,5,5,1301175,540683702,ns,6903.638889,1813.893603,4833.000000,8426.000000,8613.000000,8658.000000,0.000000,8851.000000,14226.000000
