node_id,runtime,unlimited_stream,op_count,region_size,thread_count,node_count,qp_max,p_local,min_key,max_key,localb,remoteb,count,runtime_ns,units,mean,stdev,min,p50,p90,p95,p99,p999,max
8,10,0,10000000,22,1,10,1,50,1,1000,5,5,1301175,540683702,ops/s,142506.901198,1339.854084,124074.557645,142594.970521,143808.969394,144049.031166,0.000000,144603.970754,145176.464308
