node_id,runtime,unlimited_stream,op_count,region_size,thread_count,node_count,qp_max,p_local,min_key,max_key,localb,remoteb,count,runtime_ns,units,mean,stdev,min,p50,p90,p95,p99,p999,max
9,10,0,10000000,22,2,10,2,50,1,1000,5,5,2273377,540751177,ops/s,248986.550769,22208.295343,151461.466950,254298.322812,255171.770390,255318.615561,0.000000,255517.539285,255809.886743
9,10,0,10000000,22,2,10,2,50,1,1000,5,5,2259189,540748700,ops/s,247432.013617,22217.052984,149970.945399,252741.330736,253577.444613,253782.070415,0.000000,253975.428513,254118.619811
