node_id,runtime,unlimited_stream,op_count,region_size,thread_count,node_count,qp_max,p_local,min_key,max_key,localb,remoteb,count,runtime_ns,units,mean,stdev,min,p50,p90,p95,p99,p999,max
1,10,0,10000000,22,1,10,1,50,1,1000,5,5,1158377,540604707,ops/s,126867.279430,1882.115061,117911.255215,126855.453836,129160.138694,129896.595593,0.000000,131129.522483,132634.657563
