node_id,runtime,unlimited_stream,op_count,region_size,thread_count,node_count,qp_max,p_local,min_key,max_key,localb,remoteb,count,runtime_ns,units,mean,stdev,min,p50,p90,p95,p99,p999,max
1,10,0,10000000,22,1,10,1,50,1,1000,5,5,1064041,540605788,ops/s,116535.023922,2484.262086,102717.942157,116817.718214,119003.171298,119534.018819,0.000000,120701.703437,122283.570789
