node_id,runtime,unlimited_stream,op_count,region_size,thread_count,node_count,qp_max,p_local,min_key,max_key,localb,remoteb,count,runtime_ns,units,mean,stdev,min,p50,p90,p95,p99,p999,max
6,10,0,10000000,22,1,10,1,50,1,1000,5,5,1132102,540613821,ops/s,123990.157594,7176.623396,91026.345184,125471.095391,127767.393652,128508.954226,0.000000,129615.992653,132883.714669
