node_id,runtime,unlimited_stream,op_count,region_size,thread_count,node_count,qp_max,p_local,min_key,max_key,localb,remoteb,count,runtime_ns,units,mean,stdev,min,p50,p90,p95,p99,p999,max
2,10,0,10000000,22,1,10,1,50,1,1000,5,5,1479243,540668887,ns,6101.305187,1959.647938,3984.000000,7500.000000,7736.000000,7819.000000,0.000000,10612.000000,18151.000000
