node_id,runtime,unlimited_stream,op_count,region_size,thread_count,node_count,qp_max,p_local,min_key,max_key,localb,remoteb,count,runtime_ns,units,mean,stdev,min,p50,p90,p95,p99,p999,max
2,10,0,10000000,22,1,10,1,50,1,1000,5,5,1479243,540668887,ops/s,162011.827986,12464.470003,106645.472995,164873.321272,166484.650715,166759.401606,0.000000,167456.510773,168732.075622
