node_id,runtime,unlimited_stream,op_count,region_size,thread_count,node_count,qp_max,p_local,min_key,max_key,localb,remoteb,count,runtime_ns,units,mean,stdev,min,p50,p90,p95,p99,p999,max
3,10,0,10000000,22,1,10,1,50,1,1000,5,5,1654625,540694510,ns,5445.903498,1827.465188,3412.000000,6919.000000,7119.000000,7158.000000,0.000000,9349.000000,9575.000000
