node_id,runtime,unlimited_stream,op_count,region_size,thread_count,node_count,qp_max,p_local,min_key,max_key,localb,remoteb,count,runtime_ns,units,mean,stdev,min,p50,p90,p95,p99,p999,max
3,10,0,10000000,22,1,10,1,50,1,1000,5,5,1654625,540694510,ops/s,181219.942346,12664.880657,125141.862231,184056.241628,185932.769688,186406.896746,0.000000,187056.880638,188289.295518
