node_id,runtime,unlimited_stream,op_count,region_size,thread_count,node_count,qp_max,p_local,min_key,max_key,localb,remoteb,count,runtime_ns,units,mean,stdev,min,p50,p90,p95,p99,p999,max
5,10,0,10000000,22,1,10,1,50,1,1000,5,5,1139024,540688063,ns,7935.537440,4154.465907,3519.000000,11775.000000,11950.000000,12005.000000,0.000000,14350.000000,14946.000000
