node_id,runtime,unlimited_stream,op_count,region_size,thread_count,node_count,qp_max,p_local,min_key,max_key,localb,remoteb,count,runtime_ns,units,mean,stdev,min,p50,p90,p95,p99,p999,max
5,10,0,10000000,22,1,10,1,50,1,1000,5,5,1139024,540688063,ops/s,124746.464251,7098.421471,91197.226298,126162.060207,128680.309018,129263.339763,0.000000,130716.306282,132894.427941
