node_id,runtime,unlimited_stream,op_count,region_size,thread_count,node_count,qp_max,p_local,min_key,max_key,localb,remoteb,count,runtime_ns,units,mean,stdev,min,p50,p90,p95,p99,p999,max
0,10,0,10000000,22,1,10,1,50,1,1000,5,5,1150221,540645712,ops/s,125973.200437,6965.873389,94319.011747,127445.103294,129725.781682,130428.674064,0.000000,131649.358693,132434.796499
