node_id,runtime,unlimited_stream,op_count,region_size,thread_count,node_count,qp_max,p_local,min_key,max_key,localb,remoteb,count,runtime_ns,units,mean,stdev,min,p50,p90,p95,p99,p999,max
0,10,0,10000000,22,1,10,1,50,1,1000,5,5,1140287,540634770,ops/s,124889.701190,7145.153283,92342.211718,126379.610030,128905.351359,129438.052772,0.000000,130778.633278,131968.300398
