node_id,runtime,unlimited_stream,op_count,region_size,thread_count,node_count,qp_max,p_local,min_key,max_key,localb,remoteb,count,runtime_ns,units,mean,stdev,min,p50,p90,p95,p99,p999,max
1,10,0,10000000,22,2,10,2,50,1,1000,5,5,1953451,540737858,ops/s,213949.507506,19808.022083,126938.375323,218524.521703,219865.402398,220208.709527,0.000000,220851.486003,222291.585514
1,10,0,10000000,22,2,10,2,50,1,1000,5,5,1953415,540697865,ops/s,213945.725270,19873.078149,125952.127302,218520.175198,219906.467539,220213.870912,0.000000,220835.878790,222428.191070
