node_id,runtime,unlimited_stream,op_count,region_size,thread_count,node_count,qp_max,p_local,min_key,max_key,localb,remoteb,count,runtime_ns,units,mean,stdev,min,p50,p90,p95,p99,p999,max
6,10,0,10000000,22,1,10,1,50,1,1000,5,5,1049025,540614421,ops/s,114891.263844,7464.679662,81017.080995,116461.353984,118751.593258,119284.914604,0.000000,120329.080980,122807.964133
