node_id,runtime,unlimited_stream,op_count,region_size,thread_count,node_count,qp_max,p_local,min_key,max_key,localb,remoteb,count,runtime_ns,units,mean,stdev,min,p50,p90,p95,p99,p999,max
2,10,0,10000000,22,2,10,2,50,1,1000,5,5,2299691,540718728,ops/s,251868.428142,31168.507789,157565.804372,262459.179830,262883.541773,263038.240637,0.000000,263707.881795,263987.787158
2,10,0,10000000,22,2,10,2,50,1,1000,5,5,2286656,540722398,ops/s,250441.142478,31227.057967,155873.754961,260983.565575,261533.904069,261982.806515,0.000000,262862.791981,263422.273171
