node_id,runtime,unlimited_stream,op_count,region_size,thread_count,node_count,qp_max,p_local,min_key,max_key,localb,remoteb,count,runtime_ns,units,mean,stdev,min,p50,p90,p95,p99,p999,max
2,10,0,10000000,22,1,10,1,50,1,1000,5,5,1009154,540676763,ops/s,110527.147477,1194.364122,100923.014872,110589.417991,111886.610446,112249.152433,0.000000,112767.352598,113374.678147
