node_id,runtime,unlimited_stream,op_count,region_size,thread_count,node_count,qp_max,p_local,min_key,max_key,localb,remoteb,count,runtime_ns,units,mean,stdev,min,p50,p90,p95,p99,p999,max
1,10,0,10000000,22,1,10,1,50,1,1000,5,5,1143277,540598134,ns,7654.579710,4234.523726,3483.000000,5901.000000,11911.000000,11978.000000,0.000000,14246.000000,23246.000000
