node_id,runtime,unlimited_stream,op_count,region_size,thread_count,node_count,qp_max,p_local,min_key,max_key,localb,remoteb,count,runtime_ns,units,mean,stdev,min,p50,p90,p95,p99,p999,max
8,10,0,10000000,22,1,10,1,50,1,1000,5,5,925478,540702129,ops/s,101376.612305,1129.944861,86451.036192,101411.351861,102492.722790,102943.017409,0.000000,103411.706405,103950.462566
